video,tracker,conf,iou,so_frame,hop_moi_frame,so_ID,ID_song_duoi_10_frame,ID_moi_giua_anh_moi_1000_hop,HOTA,MOTA,IDF1,IDSW
video_1,botsort,0.15,0.5,600,8.63,59,12,8.5,29.34,20.73,29.56,27
video_1,botsort,0.3,0.4,600,7.05,57,20,9.46,29.32,19.47,29.82,19
video_1,botsort,0.3,0.5,600,7.64,59,21,9.17,29.46,19.81,29.35,25
video_1,botsort,0.3,0.7,600,8.32,62,22,8.82,29.97,19.02,29.7,33
video_1,botsort,0.5,0.5,600,5.58,37,5,7.76,27.17,15.25,24.56,10
video_1,bytetrack,0.15,0.5,600,6.25,37,2,6.93,27.31,18.31,26.99,13
video_1,bytetrack,0.3,0.5,600,5.88,36,2,7.08,26.91,17.29,25.71,12
video_1,deepocsort,0.15,0.5,600,12.29,158,61,16.82,25.25,19.37,28.15,195
video_1,deepocsort,0.3,0.5,600,7.41,77,33,13.49,27.38,19.76,27.8,51
video_1,ocsort,0.15,0.5,600,12.29,163,65,17.91,25.93,19.5,29.18,165
video_1,ocsort,0.3,0.5,600,7.43,71,26,12.34,27.45,19.81,28.73,42
video_1,strongsort,0.15,0.5,600,12.19,203,111,24.75,29.19,19.91,32.57,110
video_1,strongsort,0.3,0.5,600,7.31,85,43,16.86,28.66,19.7,29.85,41
video_2,botsort,0.15,0.5,300,13.05,29,2,3.07,,,,
video_2,botsort,0.3,0.5,300,11.68,32,7,4.28,,,,
video_2,bytetrack,0.3,0.5,300,9.75,19,3,2.39,,,,
video_2,deepocsort,0.3,0.5,300,12.08,35,6,4.97,,,,
video_2,ocsort,0.3,0.5,300,12.07,35,6,4.97,,,,
video_2,strongsort,0.3,0.5,300,12.01,36,9,8.33,,,,
video_3,botsort,0.3,0.5,300,5.37,55,28,24.84,,,,
video_3,bytetrack,0.3,0.5,300,4.48,46,23,26.04,,,,
video_3,deepocsort,0.3,0.5,300,5.59,56,27,23.26,,,,
video_3,ocsort,0.3,0.5,300,5.61,50,23,23.19,,,,
video_3,strongsort,0.3,0.5,300,5.49,55,34,26.7,,,,
video_4,botsort,0.3,0.5,300,6.96,27,8,7.66,,,,
video_4,bytetrack,0.3,0.5,300,6.05,22,2,8.81,,,,
video_4,deepocsort,0.3,0.5,300,7.12,26,6,7.03,,,,
video_4,deepocsort,0.5,0.5,300,5.86,21,3,9.1,,,,
video_4,ocsort,0.3,0.5,300,7.09,30,7,8.46,,,,
video_4,strongsort,0.3,0.5,300,7.03,27,7,9.95,,,,
video_5,botsort,0.15,0.5,300,4.94,43,14,22.93,,,,
video_5,botsort,0.3,0.5,300,4.5,42,18,24.44,,,,
video_5,bytetrack,0.3,0.5,300,3.24,25,8,19.57,,,,
video_5,deepocsort,0.3,0.5,300,4.91,50,22,23.76,,,,
video_5,ocsort,0.3,0.5,300,4.9,48,22,24.49,,,,
video_5,strongsort,0.3,0.5,300,4.74,54,29,33.76,,,,
